model,global_accuracy,accuracy_administratif,accuracy_fp,accuracy_international,accuracy_numerique,confidence,consistency,system_prompt,local_accuracy_A,local_accuracy_B,local_accuracy_C,missing_questions_percent
openai/gpt-4o-2024-11-20,0.9026532137518685,0.8685,0.9042,0.9690,0.9512195121951219,0.8193688792165397,0.8955386289445049,You are a helpful assistant. Please provide your answer using only the corresponding letter.,0.898989898989899,0.9051094890510949,0.9034250421111735,0.0
google/gemini-2.0-flash-001,0.8616249546608633,0.8107714701601162,0.868606701940035,0.9373601789709174,0.9485094850948511,0.7529923830250272,0.8117519042437432,You are a helpful assistant. Please provide your answer using only the corresponding letter.,0.8699673558215452,0.8454842219804135,0.8694232861806311,0.0
